{

    "$schema": "http://json-schema.org/draft-06/schema#",
    "definitions": {},
    "version" : "2.0.9",
    "id": "com.autodesk.logging:opentracing:ul-schema-2.0.9.json",
    "properties": {
      "ul-ctx-head-span-id": {
        "description": "Unique identifier for the distributed trace. AWS XRay Segment trace_id format. Logged and propagated. Same as ADP `event_id`",
        "id": "/properties/ul-ctx-head-span-id",
        "title": "The ul-ctx-head-span-id schema",
        "type": "string"
      },
      "ul-span-id": {
        "description": "Unique Span identifier. Logged not propagated. AWS X-Ray Segment id format. Same as ADP `call_id`",
        "id": "/properties/ul-span-id",
        "title": "The ul-span-id schema",
        "type": "string"
      },
      "ul-ctx-caller-span-id": {
        "description": "Span identifier of the remote calling span. Logged and propagated. Same as ADP `parent_id`",
        "id": "/properties/ul-ctx-caller-span-id",
        "title": "The ul-ctx-caller-span-id schema",
        "type": "string"
      },
      "ul-child-of": {
        "description": "Child span parent id with 'ChildOf' opentracing reference type. May be the same or different from ul-ctx-caller-span-id. Logged not propagated. Same as ADP `parent_id`.",
        "id": "/properties/ul-child-of",
        "title": "The ul-child-of schema",
        "type": "string"
      },
      "ul-follows-from": {
        "description": "Child span parent id with 'FollowsFrom' opentracing reference type. May be the same or different from ul-ctx-caller-span-id. Logged not propagated. Same as ADP `parent_id`. ",
        "id": "/properties/ul-follows-from",
        "title": "The ul-follows-from schema",
        "type": "string"
      },
      "ul-ctx-source": {
        "description": "Cloud infrastructure Service Moniker of source application/service. Logged and propagated.",
        "id": "/properties/ul-ctx-source",
        "title": "The ul-ctx-source schema",
        "type": "string"
      },
      "ul-ctx-workflow-id": {
        "description": "Product/service defined workflow id. Logged and propagated. ",
        "id": "/properties/ul-ctx-workflow-id",
        "title": "The ul-ctx-workflow-id schema",
        "type": "string"
      },
      "ul-ctx-scope": {
        "description": "An application/service defined scope or namespace string. Logged and propagated. ",
        "id": "/properties/ul-ctx-scope",
        "title": "The ul-ctx-scope schema",
        "type": "string"
      },
      "ul-ctx-oxygen-id": {
        "description": "The Autodesk Oxygen Id of the user/group that generated the workflow. Logged and propagated. Same as ADP `user_id`",
        "id": "/properties/ul-ctx-oxygen-id",
        "title": "The ul-ctx-oxygen-id schema",
        "type": "string"
      },
      "ul-operation": {
        "description": "Operation/method name that concisely represents the work done in the span. Required. Logged not propagated.",
        "id": "/properties/ul-operation",
        "title": "The ul-operation schema",
        "type": "string"
      },
      "ul-span-duration": {
        "description": "Duration of the span in milliseconds. Logged not propagated. Same as ADP `duration`",
        "id": "/properties/ul-span-duration",
        "title": "The ul-span-duration schema",
        "type": "integer"
      },
      "ul-span-start": {
        "description": "Span start as milliseconds from epoch. Logged not propagated. Same as ADP `server_time`",
        "id": "/properties/ul-span-start",
        "title": "The ul-span-start schema",
        "type": "integer"
      },
      "ul-tag-status": {
        "description": "Span log level. Logged not propagated. ",
        "id": "/properties/ul-tag-status",
        "title": "The ul-tag-status schema",
        "type": "string",
        "enum": [
          "DEBUG",
          "INFO",
          "WARN",
          "ERROR"
        ]
      },
      "ul-tag-ul-version": {
        "description": "The UL SDK version that generated the Span. Logged not propagated. ",
        "id": "/properties/ul-tag-ul-version",
        "title": "The ul-tag-ul-version schema",
        "type": "string"
      },
      "ul-timestamp-iso8601": {
        "description": "The ISO8601 UTC date time corresponding to `ul-timestamp-epoch`. Logged not propagated.",
        "id": "/properties/ul-timestamp-iso8601",
        "title": "The ul-timestamp-iso8601 schema",
        "type": "string"
      },
      "ul-log-data": {
        "id": "/properties/ul-log-data",
        "description": "Based a subset of ADP Schema version 3.0.0. Required.",
        "properties": {
          "significance": {
            "description": "Event significance.",
            "id": "/properties/ul-log-data/properties/significance",
            "title": "The significance schema",
            "type": "string",
            "enum": [
              "DEBUG",
              "INFO",
              "WARN",
              "ERROR"
            ]
          },
          "method_name": {
            "description": "The actual API endpoint name.",
            "id": "/properties/ul-log-data/properties/method_name",
            "title": "The method_name schema",
            "type": "string"
          },
          "module_name": {
            "description": "The module name in which the api is implemented.",
            "id": "/properties/ul-log-data/properties/module_name",
            "title": "The module_name schema",
            "type": "string"
          },
          "api_category": {
            "description": "The logical part of the api to which this operation belongs, if applicable.",
            "id": "/properties/ul-log-data/properties/api_category",
            "title": "The api_category schema",
            "type": "string"
          },
          "status": {
            "description": "The final status of the operation. Should be 'ok' or detailed error string.",
            "id": "/properties/ul-log-data/properties/status",
            "title": "The status schema",
            "type": "string"
          },
          "src_service_id": {
            "description": "The service id of calling product/service. E.g. Forge application Id",
            "id": "/properties/ul-log-data/properties/src_service_id",
            "title": "The src_service_id schema",
            "type": "string"
          },
          "src_service_name": {
            "description": "The Infrastructure ServiceMoniker of the calling product/service",
            "id": "/properties/ul-log-data/properties/src_service_name",
            "title": "The src_service_name schema",
            "type": "string"
          },
          "cur_service_name": {
            "description": "The Infrastructure ServiceMoniker of the current product/service handling the operation/logging",
            "id": "/properties/ul-log-data/properties/cur_service_name",
            "title": "The cur_service_name schema",
            "type": "string"
          },
          "cur_service_id": {
            "description": "The service id of current service handling the operation/logging, e.g. Forge Client ID, ABus Service id",
            "id": "/properties/ul-log-data/properties/cur_service_id",
            "title": "The cur_service_id schema",
            "type": "string"
          },
          "cur_service_version": {
            "description": "The version of the service that generated this log",
            "id": "/properties/ul-log-data/properties/cur_service_version",
            "title": "The cur_service_version schema",
            "type": "string"
          },
          "dst_service_name": {
            "description": "The name of destination (downstream) service if known",
            "id": "/properties/ul-log-data/properties/dst_service_name",
            "title": "The dst_service_name schema",
            "type": "string"
          },
          "dst_service_id": {
            "description": "The service id of destination (downstream) service if applicable, e.g. Forge Client ID, ABus Service id",
            "id": "/properties/ul-log-data/properties/dst_service_id",
            "title": "The dst_service_id schema",
            "type": "string"
          },
          "num_retries": {
            "description": "Error metadata. Number of retries.",
            "id": "/properties/ul-log-data/properties/num_retries",
            "title": "The num_retries schema",
            "type": "integer"
          },
          "stack_trace": {
            "description": "Error metadata. Stack trace of the error.",
            "id": "/properties/ul-log-data/properties/stack_trace",
            "title": "The stack_trace schema",
            "type": "string"
          },
          "source_file": {
            "description": "Error metadata. Source file of the error.",
            "id": "/properties/ul-log-data/properties/source_file",
            "title": "The source_file schema",
            "type": "string"
          },
          "source_line_number": {
            "description": "Error metadata. Source line number of the error.",
            "id": "/properties/ul-log-data/properties/source_line_number",
            "title": "The source_line_number schema",
            "type": "integer"
          },
          "function": {
            "description": "Error metadata. The name of the function in which the error was logged.",
            "id": "/properties/ul-log-data/properties/function",
            "title": "The function schema",
            "type": "string"
          },
          "function_parameters": {
            "description": "Error metadata. Function parameters of the function in which the error was logged.",
            "id": "/properties/ul-log-data/properties/function_parameters",
            "title": "The function_parameters schema",
            "type": "string"
          },
          "message": {
            "description": "Error metadata. A message string pertaining to the error.",
            "id": "/properties/ul-log-data/properties/message",
            "title": "The message schema",
            "type": "string"
          },
          "http_url": {
            "description": "HTTP Request URL (full – including query string).",
            "id": "/properties/ul-log-data/properties/http_url",
            "title": "The http_url schema",
            "type": "string"
          },
          "http_method": {
            "description": "HTTP Request method.",
            "id": "/properties/ul-log-data/properties/http_method",
            "title": "The http_method schema",
            "type": "string"
          },
          "http_remoteip": {
            "description": "Remote IP as source of HTTP request, or x-forwarded-for if present.",
            "id": "/properties/ul-log-data/properties/http_remoteip",
            "title": "The http_remoteip schema",
            "type": "string"
          },
          "http_response_code": {
            "description": "HTTP Response code.",
            "id": "/properties/ul-log-data/properties/http_response_code",
            "title": "The http_response_code schema",
            "type": "string"
          },
          "http_request_headers": {
            "description": "A Map containing the HTTP Headers beginning with `x-ads` except `x-ads-ul` headers.",
            "id": "/properties/ul-log-data/properties/http_request_headers",
            "title": "The http_request_headers schema",
            "type": "object"
          },
          "http_form_params": {
            "description": "Form parameters passed in HTTP body.",
            "id": "/properties/ul-log-data/properties/http_form_params",
            "title": "The http_form_params schema",
            "type": "object"
          },
          "provider_name": {
            "description": "ADP Provider.",
            "id": "/properties/ul-log-data/properties/provider_name",
            "title": "The provider_name schema",
            "type": "string",
            "enum": [
              "oxygen"
            ]
          },
          "facets": {
            "description": "List of facet identifiers. All fields of a facet will be added to the schema, with names prefixed by the facet name followed by an underscore: $facet_$field",
            "id": "/properties/ul-log-data/properties/facets",
            "title": "The facets schema",
            "type": "array",
            "items": {
              "type": "string"
            },
            "uniqueItems": true
          },
          "sdk_version": {
            "description": "The version of the UL SDK in the format `<lang>_<framwwork>-<version>`",
            "id": "/properties/ul-log-data/properties/sdk_version",
            "title": "The version schema",
            "type": "string"
          }
        },
        "type": "object",
        "required": [
          "cur_service_name"
        ]
      }
    },
    "required": [
      "ul-span-id",
      "ul-operation",
      "ul-ctx-head-span-id",
      "ul-log-data"
    ],
    "type": "object",
    "anyOf": [
      {
        "required": [
          "ul-span-start"
        ]
      },
      {
        "required": [
          "ul-timestamp-epoch"
        ]
      },
      {
        "required": [
          "start_time"
        ]
      }
    ]
  }